<?xml version="1.0" encoding="utf-8" ?>
<pluggable type="plugin">
  <name>GeoLocation</name>
  <license url="http://www.apache.org/licenses/LICENSE-2.0.html">Apache Software License 2.0</license>
  <url>http://www.rooftopsolutions.nl/blog/habari-plugins</url>
  <author url="http://www.rooftopsolutions.nl/">Evert Pot</author>
  <version>0.1</version>
  <description>
    The Geo Plugin allows you to add geographical information to your posts. It just adds the field to the 
    post, without validation. Geo information must be in lat, lng decimal format. The geo information will 
    be automatically added to the atom feed.
  </description>
  <copyright>2010</copyright>
</pluggable>
